id,nisqa_mos,nisqa_noi,nisqa_dis,nisqa_col,nisqa_loud
p232_219,2.2658591,1.7934022,3.8934143,3.2399976,3.2019794
p232_396,3.563997,2.1626759,4.232602,3.973502,4.088712
p232_028,2.168202,1.8149261,3.8358634,3.0690355,2.9429038
p257_018,3.9781888,3.051498,4.275547,4.0016265,4.240474
p257_095,4.3029222,4.151308,4.515047,4.330567,4.4223733
p232_317,3.6780636,2.8563216,4.040107,3.7847784,3.9794393
p232_057,4.3605595,3.727558,4.4682255,4.0174146,4.342584
p257_084,4.130106,3.3882163,4.483779,4.0903687,4.2315497
p232_339,3.1699197,2.240621,3.5783014,3.4862044,3.5013459
p257_367,3.1528432,2.3966596,4.0680666,3.492098,3.6676857
p257_337,3.5669749,2.3542736,3.8105314,3.7173488,3.9364216
p257_055,3.5300062,2.6538174,4.252264,3.9345167,3.9985337
p257_350,2.3553557,1.6579149,3.4718983,2.6186743,3.1059477
p257_157,3.9705625,2.6937532,4.3180933,4.112044,4.196396
p232_081,3.6253278,2.1067178,4.4081345,3.7041008,3.9124596
p232_088,3.537401,2.4445784,4.1585417,3.961903,4.0848336
p257_168,3.4852433,2.2679284,4.2342544,3.9470108,4.055475
p257_432,1.9433985,1.740712,3.2164571,2.2993062,2.703482
p232_083,2.722896,1.7993742,3.9758265,3.3765414,3.5813596
p232_182,1.8162979,1.6020029,2.379111,2.0055602,2.5456824
p257_024,4.1207376,3.4245188,4.3838854,3.9502404,4.283975
p257_327,3.0980244,1.7262282,4.0669374,3.7876902,3.1600783
p232_205,4.36015,3.4557908,4.478328,4.2892604,4.339685
p232_238,4.085677,3.1873438,4.468365,4.0784273,4.1064687
p257_365,3.945845,3.2743018,4.316017,4.0048857,4.075206
p232_069,3.088858,2.00029,4.3667703,3.8619776,3.7270377
p257_289,2.6125896,1.771202,3.6592596,2.9623744,3.3182707
p257_242,2.8339992,2.0407834,4.0943885,3.6266034,3.7970533
p232_078,4.092904,2.7873807,4.534959,4.1267943,4.25882
p257_302,3.1401217,1.7915187,4.269703,3.6849186,3.7550607
p257_062,2.4751525,1.7388005,3.9212437,3.3796515,3.375067
p257_404,4.2102714,3.8627727,4.5017834,4.1996384,4.339092
p257_208,3.3192437,1.7661781,4.1704626,4.019631,3.9877965
p232_311,3.6132376,2.1372945,4.4311547,3.8850915,4.037259
p232_184,3.6828752,2.440753,4.273156,3.8494675,3.8897905
p232_015,4.5557017,3.931342,4.5978017,4.2857413,4.4982376
p232_087,4.08056,3.1638157,4.5816917,4.1447883,4.3392034
p257_386,3.629542,2.7524402,4.2382345,4.0011683,4.0408654
p257_173,3.1634352,1.9603956,4.0450764,3.6616566,3.9220364
p257_099,3.900015,2.2424314,4.3956137,4.160582,4.290011
p232_349,1.7678697,1.8665528,3.6286585,2.0734956,2.6250472
p257_063,3.4448478,2.5784287,3.9702725,3.84,3.6980913
p232_388,1.7707343,1.6147122,3.2644575,2.1334388,2.9499009
p257_011,2.7579439,2.3649788,3.1972883,2.8013241,3.465031
p232_391,4.2710924,3.805662,4.5069714,4.120774,4.2840533
p232_356,2.5703695,1.7423522,3.7801645,3.0922358,3.4000678
p232_181,2.672584,1.9410317,3.5913255,2.610643,3.3635142
p232_211,1.7699579,1.4330509,3.0262246,2.211847,2.768297
p232_002,4.468059,3.1835954,4.435451,4.2979913,4.467309
p257_267,2.3121963,1.700576,3.8687177,3.247184,3.336877
p232_123,4.0726976,2.8367786,4.2702384,4.0354004,4.2434287
p257_321,3.5844085,2.1966536,4.1084633,3.8701155,4.0309324
p257_307,3.288407,2.1702592,4.0676966,3.881972,3.9377906
p257_431,1.990144,1.6679376,3.159181,2.5249295,2.9169707
p257_408,3.092808,1.6906623,4.1509724,3.6200352,3.8293347
p257_318,3.338956,2.2469518,4.0291495,3.575473,3.788333
p232_266,2.9580388,1.7557832,4.063045,3.1897879,3.4754894
p232_199,1.6619703,1.6149333,3.056786,2.084664,2.4463246
p257_243,2.8941648,1.8090174,3.7753692,3.3705363,3.7866805
p232_305,2.4267364,2.228149,3.785498,2.6840963,3.2472584
p232_227,4.191296,2.9032261,4.273278,4.067671,4.2332606
p257_039,3.8468137,3.024637,4.3456087,4.0326176,4.22489
p257_065,3.3808703,2.264691,4.130266,3.6200993,3.8046505
p232_241,1.8719906,1.619067,3.503059,2.5502138,2.6784308
p232_141,3.8158739,1.8679714,4.182596,3.571982,3.886783
p257_002,3.1256917,2.8980134,3.2678497,3.288458,3.8181014
p232_336,1.927575,1.7869148,2.8012156,2.7499797,2.797774
p232_389,1.7764089,1.6833133,3.6146348,2.252312,2.738097
p257_054,1.5087885,1.5244515,3.1111572,2.1627324,2.3402774
p232_191,4.2542667,3.3196955,4.1278696,4.3160224,4.3001704
p232_236,3.3793623,2.694651,4.26361,3.8680537,3.8199632
p257_336,3.8953652,3.5710447,4.137327,3.9352088,4.222094
p257_258,3.4732797,2.4054923,3.9128146,3.5036929,3.7800193
p232_023,1.9657291,1.6536112,3.4982622,2.6680846,2.9705951
p257_180,2.6869347,1.9969996,4.019424,3.815043,3.6778045
p257_042,2.8660016,1.7913731,3.413004,2.8976011,3.4198759
p257_407,3.5561228,2.0906527,4.184324,4.025629,4.000747
p232_359,4.0534472,2.867869,4.432357,4.1312637,4.1683836
p257_179,2.299134,1.7625856,3.7908723,2.5496361,2.4589431
p257_249,2.8624818,2.1285484,4.08935,3.847606,3.6972144
p232_340,2.5657136,1.6085382,4.0594993,3.4784882,3.7390058
p232_295,2.1097739,1.5618386,3.5669568,2.6775253,2.9679925
p257_294,2.1465452,1.8440773,3.495249,2.3576376,2.6404424
p232_035,2.065862,1.7237278,2.5800917,2.1885607,2.7564058
p232_264,4.133908,2.451039,4.5633435,4.031237,4.351869
p257_239,3.2262225,2.0638664,4.2213855,3.5946364,3.7244444
p232_201,3.4129794,2.2156427,4.0005503,3.5633574,3.8118112
p232_215,3.6810644,2.478493,4.5934224,4.125378,4.1129684
p257_235,2.1473496,1.8573878,3.6051633,2.6159048,2.4615116
p232_364,2.9727619,1.6445729,4.137451,3.57397,3.480513
p232_011,4.0081825,2.1385744,4.4624577,4.0870476,4.2849917
p257_399,3.364036,1.8245367,4.396414,3.8335354,3.8933032
p232_302,1.5474119,1.4546092,2.8296099,2.1266773,2.556198
p257_139,2.7112482,1.983023,3.9805045,3.2245114,3.7132995
p257_115,4.436668,3.82374,4.379676,4.1060834,4.5291133
p232_352,3.605764,2.1145053,4.213687,4.058601,3.7999532
p232_379,3.9896512,2.5799105,4.197447,4.171286,4.1869006
p257_284,4.0371675,3.013022,4.3322096,3.9327776,4.1934037
p257_213,2.7610059,1.8839926,3.9029472,3.296534,3.3445454
p257_413,3.6931336,2.1568434,4.278325,3.8267262,4.0507116
p232_223,3.4723535,2.3685968,4.1625814,3.585598,3.9092124
p257_126,3.7389262,2.8422863,4.264708,3.987559,4.035505
p257_331,1.1747183,1.5384672,2.8781235,1.9797616,1.9468563
p257_262,2.6538594,1.7990367,3.963568,3.3995583,3.556598
p257_105,3.6620948,2.6583045,3.9784582,3.9682384,4.046452
p232_005,2.3852696,1.5917385,4.134961,3.3053606,3.3542442
p232_300,4.0145226,1.8846647,4.4980726,4.0219326,4.1952
p232_281,2.8377733,1.7053709,3.8606675,3.0317948,3.351981
p232_016,4.443163,3.2091053,4.4402714,4.238422,4.470099
p257_057,3.7073271,1.9435593,4.3538885,3.9596484,4.0075426
p232_298,2.3532784,1.8596812,4.1417217,3.5055063,3.4699156
p257_171,1.3416715,1.5222548,3.0942233,2.150243,2.2578723
p232_329,4.4065084,3.2898152,4.4156914,4.2957234,4.385267
p232_318,4.1696672,2.8839583,4.3384724,4.084205,4.2526946
p257_264,3.4903147,2.0855715,4.2416344,4.0591764,3.908994
p232_077,4.409855,3.4855945,4.175083,4.171191,4.3612514
p257_020,2.3562622,1.7853302,2.49918,2.7231734,3.282241
p257_332,3.140116,2.1541827,4.107336,3.424763,3.728802
p232_325,3.2090385,2.0774589,4.198414,3.4745836,3.6363177
p232_161,4.308099,2.9942162,4.5140285,4.1128945,4.384792
p232_310,3.5144222,2.3575795,4.4483757,4.073705,4.025048
p257_083,4.498349,4.089864,4.591626,4.152326,4.386041
p232_158,2.8728898,1.9131967,3.9212458,2.928528,3.5338955
p257_158,3.0589514,2.0146205,4.109999,3.8004096,3.7772217
p257_247,2.8551886,1.7850261,4.2236757,3.502907,3.5955262
p232_125,3.1784577,1.7939777,4.0298576,3.4917026,3.6836908
p232_006,3.7097054,2.3735678,4.247073,3.9861174,4.108913
p257_248,3.7926,2.9934509,4.349415,4.1225257,4.0869026
p232_271,3.312937,2.0227041,4.2566614,3.625568,3.834226
p257_187,3.559305,2.728162,4.3314195,4.188767,4.074655
p232_362,3.1666677,2.1561859,3.6167781,3.4193296,3.8539798
p257_303,1.5110532,1.4849045,2.9323475,2.061951,2.4441288
p232_172,3.9849963,3.2873766,4.319106,3.8322606,4.1410594
p232_242,1.3257896,1.4776272,2.8031135,2.0425205,2.3592489
p257_253,2.6952596,1.7345934,3.7842782,3.1080606,3.4343438
p232_183,4.274154,3.306445,4.444707,4.2060685,4.3689723
p232_027,4.143945,2.8658545,4.2190924,4.1119833,4.3431115
p232_210,3.153314,2.0639143,4.169219,3.7329214,3.8933818
p257_388,3.1591349,2.288657,4.1883564,4.1284785,3.9406312
p257_040,3.245896,1.9688156,3.9097037,3.4239047,3.585605
p232_321,3.2434876,2.1475127,3.9110086,3.9230106,3.787731
p257_200,3.162032,2.454611,4.0946503,3.7741098,3.8752086
p232_048,2.3073788,1.7031641,4.192031,3.7565491,3.4484324
p257_144,4.209681,3.4430773,4.528008,4.2516837,4.3398967
p257_278,3.412942,2.0280092,4.3051577,3.74964,3.9263442
p232_073,3.8033926,2.587016,4.313551,4.124271,4.1552405
p257_165,3.270671,2.8253214,4.164896,4.0094275,3.989823
p257_167,2.1382868,1.794235,3.940882,3.2921684,3.3060877
p257_251,1.7323996,1.5998013,3.2455308,2.4582188,2.6733887
p257_136,4.3956995,3.9838817,4.6430597,4.329822,4.449743
p257_142,3.0413167,1.6666447,4.1804895,3.7538435,3.8901055
p232_178,1.5558481,1.677921,3.3050354,2.0690362,2.4962645
p257_381,3.482251,2.2970192,4.12224,3.6937335,4.0152326
p232_256,3.6001818,2.6048942,4.2315397,3.9994252,4.10188
p232_217,3.2311804,1.771894,3.6695282,3.489541,3.9294012
p257_297,3.702081,2.8137853,4.299356,3.9270697,4.178426
p257_074,2.1777894,1.8480939,3.2536654,2.2158065,2.9778214
p257_036,3.5165336,2.3859606,4.0785465,3.7648628,3.9639869
p257_129,1.8478981,1.7665024,3.4492261,2.4951134,2.53304
p232_380,3.488608,1.9490877,4.022233,3.820495,4.0050325
p232_315,3.2097642,1.7408985,4.2606,3.8240154,4.0130863
p257_163,1.897852,1.573931,3.470981,2.6211827,2.8210194
p232_246,1.8801099,1.721699,3.2951977,2.2259963,2.7565114
p232_051,1.7463545,1.5543988,3.235586,2.1967676,2.6273122
p232_180,3.49888,2.3289983,4.2693024,3.6984956,4.021564
p257_108,2.8585696,2.2029617,4.2673087,3.7108102,3.5892704
p257_205,4.232113,3.427132,4.445379,4.2184706,4.2640467
p232_286,2.6226745,1.9656636,3.7736616,2.908428,3.201303
p232_287,1.7719809,1.754659,3.1918068,2.0708327,2.2109466
p257_362,2.0593197,1.5998429,3.6067984,2.8799272,2.9171968
p232_284,4.0604124,2.6401286,4.396185,4.179025,4.2890897
p232_167,3.4554741,1.9472852,4.243202,4.0677958,4.209666
p232_049,4.186005,3.3068225,4.3154697,4.0824513,4.293806
p257_029,2.1233995,1.6564506,2.8248887,2.507866,2.853515
p232_250,3.0248854,1.8994448,4.028403,3.333467,3.7220383
p232_079,3.9130661,2.5128486,4.3321934,4.0700526,4.2813125
p232_133,1.9854287,1.7071829,3.3390849,2.6246362,2.7330027
p232_039,3.2163637,1.8931018,4.368649,3.8754923,4.004739
p232_103,2.4943297,1.7808759,4.061775,3.543628,3.4081085
p257_124,3.7045588,2.1446464,4.1080427,4.0510902,4.060578
p232_065,3.4678023,2.5090191,4.4798164,3.9269354,3.94693
p232_377,3.0556092,1.7755162,4.0831037,3.487899,3.8101776
p232_055,3.392659,1.480586,4.0916333,3.3251529,3.8128493
p257_341,3.3935134,2.254338,3.9823143,3.878698,3.9412453
p257_403,3.0518343,1.9556236,4.074706,3.5761142,3.6116822
p232_285,3.66979,1.9051845,4.215845,3.7027774,3.9944465
p257_017,2.7342556,1.9622641,3.9968307,3.4048727,3.5336282
p257_334,2.8038394,1.9109896,3.9948208,3.125388,3.25278
p232_165,2.9282148,2.3448164,4.1853533,3.5826838,3.5017755
p257_401,3.8018987,1.7902575,4.478528,4.077958,4.2024827
p257_206,3.99666,2.7048223,4.2485228,4.199055,4.2286563
p232_024,4.4507513,3.6542404,4.609133,4.1895194,4.466899
p257_118,3.1111233,2.364761,4.0549374,3.5728195,3.7462394
p232_058,4.5599422,3.6684716,4.632877,4.2166424,4.504748
p257_406,4.164854,3.465553,4.492705,4.12954,4.2633348
p232_187,2.490301,2.1394708,4.088347,3.404561,3.4097402
p232_327,2.5304334,1.8676807,3.4479039,2.41516,2.9966638
p232_343,2.0742795,1.6242633,2.8725183,2.2103548,2.894529
p257_218,3.1636274,2.0101564,4.153451,3.6389282,3.7965314
p257_392,3.8909638,2.3293126,4.460482,3.8570535,4.2265863
p257_184,4.4201403,4.0632625,4.542048,4.136972,4.3897243
p257_212,2.8342159,2.3391178,3.518519,3.3048284,3.636726
p257_227,3.7134974,2.6787906,4.1943407,4.0202155,3.881108
p257_422,2.4435027,1.6935962,4.067405,3.6555302,3.5943472
p232_071,1.9997427,1.717098,3.4523785,2.5500786,2.942104
p232_108,2.9553378,1.4802842,4.096297,3.3866556,3.784016
p232_372,2.9573295,1.9759632,4.229369,3.499699,3.6664426
p257_013,1.7690674,1.7447311,3.3693452,2.3619618,2.5715165
p232_017,4.1541367,2.5362256,4.573026,4.163357,4.373764
p257_060,2.6343324,1.9255273,3.6181028,3.0773013,3.428037
p257_010,3.3539155,2.2493865,3.9355667,3.5941298,3.9019363
p232_052,1.0748917,1.459734,2.3070085,1.7800317,1.8320127
p232_265,3.6494207,2.1248937,4.2413673,3.6333635,3.979207
p232_239,2.9364657,1.8216596,4.067183,3.3807921,3.5195692
p257_172,2.3743517,1.7524543,3.3461144,2.4195905,3.0170867
p232_186,1.9483304,1.59332,3.1970546,2.225869,2.7083273
p232_303,1.2867358,1.5597396,2.7791092,2.047919,2.0155032
p257_004,3.2720845,2.2214103,4.138824,3.7425632,3.6443799
p257_026,3.1693175,1.8138222,3.7499726,3.779311,3.2003381
p257_316,4.2730885,3.1837397,4.551603,4.337926,4.476338
p232_080,2.2595956,1.6320982,3.966417,3.1945965,3.2142706
p232_159,2.033475,1.9773799,3.294279,2.2317748,2.3010237
p257_416,3.3364654,2.9129264,3.705094,3.1442997,3.7522037
p257_082,2.275843,1.5367211,3.3231866,2.8964076,3.101423
p232_393,4.326642,3.0892003,4.4847946,4.0148025,4.3005652
p232_194,3.0397828,1.833566,4.252678,3.8750603,3.961826
p257_022,2.8284538,1.7024212,3.9126637,3.5803711,3.671168
p257_373,2.7313125,2.3272283,3.9704456,2.8717167,3.2624824
p232_136,3.0610664,1.7901363,3.7003186,2.7589247,3.2130444
p232_351,4.3508086,3.062387,4.4568443,4.102672,4.3105474
p232_143,2.8023136,2.143039,4.1343265,3.278794,3.1888058
p232_231,3.5070775,2.159443,4.0880775,3.8909557,4.048308
p257_071,3.5317926,2.1298692,4.282135,3.8370016,4.0506124
p257_112,2.2579834,1.8196385,3.4830394,2.521125,3.0331604
p232_228,3.6068976,2.2056978,4.279208,4.059897,3.8063354
p232_358,4.2703094,2.2429063,4.4182606,3.9603865,4.2375474
p232_371,3.9124417,2.6814268,4.3138885,4.064469,4.142627
p232_113,1.281039,1.5012865,2.882706,1.8594483,1.9524386
p257_046,3.6353161,2.6424978,4.2430944,4.224953,3.9446077
p257_293,2.6858017,1.7287875,3.5596712,2.8946056,3.2876482
p257_094,1.7012281,1.7149721,3.570052,2.3229213,2.354553
p232_368,2.8817255,1.5921731,3.6801674,2.6019158,3.2883384
p232_089,3.6502337,1.9576461,4.4284363,3.8112922,4.029198
p257_232,3.346399,2.2818353,4.0875435,3.704621,3.889039
p257_169,2.1733243,1.842449,2.4255764,2.5381272,3.1908844
p232_121,3.4559557,1.7994587,4.506995,3.8206656,4.0784154
p232_119,4.272792,3.3038747,4.371265,4.126072,4.328401
p257_301,3.3265622,2.2611284,4.2142205,3.869581,4.0147614
p257_396,4.050699,2.9201496,4.2894344,4.077596,4.280367
p257_366,3.6560078,2.3175972,4.233863,3.8907363,4.136724
p257_287,3.5113428,2.3465204,4.031296,3.721426,3.9704204
p232_100,3.289505,1.8214006,3.9359424,3.1792727,3.4746277
p232_032,1.0477023,1.3784175,2.7366245,1.9983411,2.1140268
p232_044,0.886033,1.4983909,2.866727,1.6438924,1.6955799
p257_195,1.6918375,1.5499349,3.1716902,2.1965632,2.5898387
p257_201,2.517309,1.9930369,3.9130728,3.1090198,3.2022455
p232_109,3.6623085,2.4695067,4.2693624,4.03837,4.259382
p232_374,3.4439323,2.3921497,4.3327565,3.7728584,4.044091
p257_288,2.5308867,1.7622912,3.3630435,3.0448134,3.3717463
p257_003,2.9133756,1.7520885,4.3039045,3.5186536,3.297981
p232_253,2.4232166,1.7765987,3.8586943,3.461615,3.4525576
p257_132,2.972143,1.7992284,3.8296342,2.9632156,3.520087
p257_019,3.7248814,2.9925544,4.1732626,3.769645,4.014761
p257_148,3.8117945,2.5494578,4.211851,4.0814824,3.8725765
p232_289,4.4568043,3.7547562,4.6598415,4.3278117,4.4309144
p257_261,3.2682052,1.8035457,4.1483717,3.7001274,3.9571075
p232_009,3.3283362,1.9931843,4.257295,3.7792723,3.9600117
p232_062,3.2216463,1.962868,4.3386283,3.751025,4.057736
p257_228,3.39702,2.668975,3.9768257,3.5801575,3.78086
p257_328,3.3464725,2.373995,4.405555,3.917457,3.9938407
p257_191,1.6025083,1.5477676,2.7439194,2.1128182,2.25163
p257_229,2.5346184,1.6126679,3.6211987,2.99919,3.2176812
p232_033,3.9150648,2.3866093,4.4986324,4.004475,4.0210347
p232_128,3.4310074,1.8966064,4.2825885,3.7170432,3.928612
p257_183,1.5432191,1.3749692,3.0226233,1.9160324,2.2264893
p257_356,3.7572677,3.2122772,4.155506,3.817039,4.238249
p257_384,4.145662,3.5559788,4.3815684,3.9604402,4.14827
p232_322,2.8365102,1.8580055,3.9413154,3.380097,3.431647
p257_025,3.945639,2.841509,4.4240217,4.189319,4.082542
p257_430,2.3887863,1.9826187,3.3577805,2.634454,2.8751595
p257_298,4.0350485,2.5375054,4.2386,3.8957105,4.088468
p232_163,3.3257139,2.3826003,3.0523593,3.0544567,3.7791193
p257_231,1.4943675,1.6569257,3.2935836,2.1342835,2.119349
p257_338,3.8309603,2.4838707,4.2340455,3.8714871,4.0788007
p257_188,2.3077848,1.8771513,3.6441672,3.0012949,3.5865998
p257_417,3.1534069,2.2871583,4.018537,4.066709,4.0403123
p257_033,1.8698026,1.5926502,3.1617162,2.148323,2.4408195
p257_125,2.7136998,1.5179553,4.365633,3.7868435,3.9069755
p232_244,3.3993683,2.0443137,3.5393322,3.3681657,3.9406068
p232_375,2.9456525,1.7531583,4.0688367,3.404737,3.5644133
p232_354,2.9868772,2.465925,4.138403,3.6439073,3.8098233
p232_249,3.9703639,2.7640407,4.188655,4.040878,4.174204
p257_313,2.5445738,2.1445577,3.7651665,2.8484328,2.9281678
p257_182,3.4398508,1.9984629,4.3124113,4.0617824,4.1755004
p232_020,3.953686,2.8209453,4.3575974,4.0442467,4.2822976
p232_208,3.372494,2.0590608,3.7778723,3.962612,4.0108776
p257_154,1.281809,1.4169651,2.995642,2.110034,2.3557346
p257_380,3.8323529,2.7231934,4.30929,4.117052,4.215411
p232_369,2.1090744,1.7294648,3.5968978,2.4179296,3.1189134
p232_124,3.353418,1.8520977,4.4213076,3.9129803,4.026427
p232_135,3.8022184,2.572821,4.3485327,4.0703235,4.124011
p257_090,1.234235,1.4343296,2.73419,2.120945,2.1131718
p232_272,3.879254,2.5286653,4.3078175,4.002195,4.1720586
p232_308,1.5306393,1.4175819,3.1273687,2.2339618,2.3573682
p232_116,3.3106174,1.5160406,4.2198343,3.4933617,3.7168958
p257_420,3.7201025,2.5635097,4.3587418,4.121675,4.235234
p257_050,1.3259953,1.4341636,2.7872531,1.9648918,2.3015118
p232_273,3.436324,2.0865333,4.3857975,3.8325543,4.0724463
p232_177,1.5183092,1.5030067,2.9172623,2.067484,2.2880213
p257_078,3.0638018,1.9419322,4.0449777,3.2995355,3.6988943
p257_045,3.8383853,3.423855,4.287118,3.9500668,4.0066614
p257_275,1.7164385,1.7885339,3.3832412,2.3001285,2.5113373
p257_133,2.2905285,2.0756958,3.6591268,2.4475477,2.8113215
p232_095,1.4518495,1.741222,3.2656171,2.515884,2.8504953
p232_151,3.3319113,1.7462338,4.317501,3.8138351,3.257355
p257_101,2.934108,2.3629434,3.5453238,3.257448,3.522147
p257_360,3.8229792,3.1363652,4.289423,3.9681985,4.208111
p232_386,1.3068429,1.4129589,2.8414712,2.3286924,2.2802117
p257_043,4.036141,2.6765788,4.1811943,4.1517816,4.0605097
p257_282,2.9797308,1.8562961,4.2310553,3.7854726,3.7860224
p257_007,2.2576752,1.7217665,3.8688786,3.2251184,3.0556097
p232_366,3.773544,1.9948215,4.2849708,3.7018251,4.042104
p232_074,2.553753,1.6744196,3.8006654,2.763629,3.427842
p232_293,2.951657,1.8961871,4.00936,3.4731119,3.6991923
p257_387,2.8128762,1.5446384,4.083129,3.4032662,3.6861792
p257_034,2.0131114,1.9044032,3.5823362,2.4264266,2.437268
p257_110,1.695877,1.585297,3.4609208,2.6737216,2.52508
p232_279,1.6308701,1.4786997,2.5773675,2.004969,2.4176812
p232_139,4.2135925,3.0967953,4.4288816,3.9816782,4.3384156
p257_379,2.7576501,2.0069497,4.014532,3.1340907,3.5459733
p232_397,2.819125,2.3463495,2.764593,3.0114248,3.6662178
p257_394,2.286543,2.0187125,3.7577326,2.9298553,3.0846455
p257_015,4.2371907,3.6142402,4.360299,4.2031174,4.3659806
p257_067,3.2459717,1.7779204,4.256714,3.7559988,3.9009416
p257_175,1.7217675,1.7799515,3.2863858,2.1291544,2.1196644
p232_117,1.6030835,1.6114345,3.2857752,2.0396411,2.4436917
p232_277,4.053653,2.893419,4.0840373,3.9680614,3.9112618
p232_206,3.874287,2.1075246,4.455471,3.9919584,4.1357074
p257_130,1.3281971,1.5552309,3.2025006,2.049185,1.971169
p232_030,3.5264966,2.1571476,4.268434,3.8577113,4.1100097
p232_405,3.2711132,1.7355404,4.43693,3.9861836,4.0998235
p232_173,3.1908023,2.0028303,4.00368,3.8058732,3.7119453
p257_238,3.2671626,2.2789946,3.2428522,3.6714916,3.620168
p232_104,2.2938151,1.6687355,3.5209177,2.8324413,3.2014816
p257_260,2.919164,2.2252564,4.315744,3.5143716,3.601898
p257_155,1.81863,2.0786855,2.7735548,1.9506507,2.5954592
p232_045,4.182849,3.655028,4.5511208,4.2595096,4.37899
p257_266,3.138443,2.0831606,4.249395,3.8350391,3.788388
p257_120,3.3201063,1.735312,4.1034446,3.5658696,3.8792078
p257_309,2.540953,1.8305082,3.8486214,3.2443302,3.3553693
p232_193,2.5952423,1.9345914,4.2598,3.8193617,3.5788958
p232_046,3.5789118,1.8727988,4.329931,4.102519,4.01716
p257_189,3.5630593,1.925854,4.2704077,3.7681782,3.913553
p232_414,2.2681596,1.9638644,4.0237327,3.4823256,3.174144
p257_146,3.3771222,2.4500513,3.8802488,3.7529233,3.7824776
p232_150,4.3415976,3.4653163,4.4869423,4.2883625,4.3658676
p232_012,3.6042507,2.1664069,4.358607,3.8204644,4.0893245
p257_068,3.553305,2.8191922,4.1198125,4.0550327,3.981147
p232_373,3.676269,2.0060139,4.481083,3.9709065,4.1710258
p232_323,1.5907344,1.6588249,3.115094,2.1417747,2.3088534
p257_052,3.4112718,2.0473948,4.083636,3.8771448,3.941271
p232_338,3.9923055,2.6368313,4.0692167,4.029287,4.185533
p232_307,1.377118,1.602858,3.2669914,2.0307705,2.5720174
p232_411,3.782534,2.6347668,4.3702626,4.024067,3.975001
p257_419,3.2022147,1.9879588,4.028714,3.3916862,3.7335107
p257_204,3.9556227,3.1825485,4.21234,3.9673498,4.2106013
p232_072,1.3539308,1.500336,3.1607368,2.112376,2.1779134
p257_123,4.1584916,3.85757,4.5907793,4.407377,4.3495646
p257_114,0.9382633,1.492093,2.9057524,1.5351317,1.687083
p232_357,3.4794269,1.8402976,4.3345003,3.9966204,4.137861
p257_346,3.1463537,2.185829,4.0906305,3.9245565,3.9829767
p232_316,2.0030112,1.5244763,2.9536383,1.9576805,2.7094038
p232_301,3.1583323,1.9849344,4.196989,3.7329133,3.8858695
p232_334,3.705129,1.8404602,4.4739943,3.9146821,4.1625943
p232_294,3.0319412,1.8854518,4.1032934,3.6240213,3.873068
p232_137,2.3217916,1.7514843,3.4466794,2.2327454,2.6891081
p232_259,4.0018997,2.6377475,4.2054915,4.160758,4.3154798
p232_385,2.7836227,1.742497,4.2880554,3.6942327,3.6042483
p257_300,3.205542,2.706156,4.0533147,3.4596217,3.8468058
p257_424,4.3278065,3.290805,4.515415,4.333093,4.450522
p232_400,4.403275,3.9193385,4.472831,4.280803,4.450954
p257_023,4.4223843,4.108771,4.512333,4.2607164,4.454329
p232_029,3.327915,1.7996964,4.2540545,3.6548247,3.963897
p257_097,3.798498,2.3885827,4.274017,3.6853728,3.9171104
p257_109,2.730749,1.6864042,4.096941,3.6197338,3.7668378
p232_413,3.7916844,2.81473,4.297467,3.8975012,3.9899566
p257_161,3.5960727,2.4038117,4.2379656,3.853218,4.0617747
p257_181,3.5296447,2.3406885,3.9335165,3.8814428,3.9085715
p257_375,0.9570291,1.4884019,2.6267188,1.5699484,1.7863361
p232_063,2.9467518,1.628561,3.9709947,3.4284363,3.753473
p232_132,2.4240036,1.6988027,3.798117,3.2653568,3.3658345
p232_203,1.0121013,1.5611353,2.8578706,1.8076508,2.0892923
p232_164,1.8955477,2.065069,3.5803084,2.5036438,3.0880992
p257_363,1.5752422,1.5338299,2.0199156,1.9023995,2.4460208
p257_434,3.9036174,2.7343123,4.29689,4.143328,4.04971
p257_031,3.7484896,2.0562572,4.418829,3.859921,4.060066
p257_117,3.1474755,1.825603,4.0687313,3.3800232,3.8548956
p232_041,3.469431,2.035583,4.2579474,3.999591,4.019348
p232_320,3.31135,2.5952227,4.2235794,3.9152446,4.1285
p257_197,3.0738637,2.3199046,4.34888,3.7569804,3.5489337
p232_306,2.410998,1.7941033,3.4483078,2.3367589,3.0727336
p257_393,3.3963234,2.0960696,4.1220865,3.6017396,3.8642423
p232_200,3.8214839,2.5523345,4.376801,3.7761009,4.082398
p257_400,3.297304,1.8748387,4.164298,3.910445,3.9704645
p232_243,3.6193902,2.39759,4.2827706,4.0155096,3.98028
p232_093,3.2476518,2.5803797,4.204405,3.82184,3.9196656
p232_022,2.6668556,1.8715407,4.046575,3.4729292,3.6800416
p232_309,4.357061,3.5404656,4.4271793,4.158052,4.3443084
p232_043,2.958525,1.7484503,4.2408576,3.7243373,3.56201
p232_355,3.255833,1.9805574,4.357847,3.7933414,4.008761
p257_395,2.420183,1.7431705,3.5339305,2.6270578,2.9026687
p257_385,3.719669,2.7046182,4.634182,4.109785,4.121457
p257_323,2.34252,1.5806632,3.3872197,2.6986377,3.0349567
p232_258,3.149195,2.084562,4.099269,3.399246,3.3139865
p257_016,3.8854532,2.706432,4.3263164,4.1113143,4.0693717
p257_389,2.9670038,1.7327257,4.0738926,3.85723,3.8458908
p232_360,3.095969,1.8641212,4.231124,3.729471,3.881119
p257_160,3.6533964,2.8426924,4.2419157,4.1011834,4.1613297
p257_061,2.6270425,1.739428,4.067693,3.5512288,3.442506
p257_113,2.5379934,1.7442201,3.2501037,2.541896,3.0916016
p257_127,3.2627852,1.8901577,4.3389006,3.907504,4.017514
p257_053,2.391296,1.9661343,3.051006,2.45902,3.1322255
p232_112,2.6845417,1.7948385,4.0060053,3.5015225,3.7038984
p257_162,2.4810376,1.9130423,3.7050838,3.0643082,3.3710568
p257_361,3.5962193,2.5643868,3.825144,3.6579719,3.853881
p257_222,3.096694,2.1562943,4.1239114,3.788374,3.941572
p232_283,1.3087807,1.554168,2.8753598,2.3138263,2.177539
p257_333,3.4199848,1.922982,3.968559,3.7184033,3.8850787
p257_237,4.10266,3.2080648,4.3417006,3.9868393,4.0560665
p232_148,4.3012795,3.2623053,4.407979,4.14465,4.3962092
p232_382,3.8806522,2.34459,4.254821,4.0559716,4.1394496
p232_255,3.9400008,3.0622852,4.3358827,3.9990594,4.004603
p257_051,3.8196838,2.4645157,4.2485085,3.6898692,4.167909
p257_359,3.6344144,2.8152819,4.2071557,3.6070902,3.917103
p232_068,3.3307538,2.31476,4.01175,3.5582733,3.8752675
p257_193,2.2897446,1.9079854,3.3914318,3.1549194,3.0825853
p232_387,3.8229494,2.0060382,4.20553,3.769369,4.125398
p257_221,3.2471087,2.3241947,3.5888243,3.5310938,3.8489828
p232_319,3.8831077,2.341462,4.2574162,4.1923647,4.059645
p257_352,3.696542,2.5201852,4.313634,3.9005613,4.0749707
p257_014,4.141658,3.5177877,4.186596,3.790899,4.2062736
p232_276,4.105614,2.8040512,4.4446087,4.175611,4.221172
p257_290,1.5367748,1.4748079,3.0117764,2.309621,2.4820073
p232_381,3.7481124,2.0086815,4.4384036,3.954641,4.2254934
p257_377,4.2180605,3.0546072,4.166807,4.226523,4.376599
p257_391,2.708636,1.6950424,3.9210331,3.2870505,3.5913827
p257_353,3.2874715,1.8979416,4.0237293,3.451379,3.8351457
p232_127,4.6012373,4.249195,4.5798545,4.3044486,4.156402
p257_056,3.5306582,2.1726477,4.144711,3.9556468,4.072888
p257_335,1.6707174,1.8015409,3.368249,2.2117012,2.078503
p257_308,3.1558278,1.9249827,4.075415,3.6112807,3.8923984
p257_410,2.9334042,1.9029162,3.2814815,3.124608,3.684035
p257_281,2.6317136,1.8453234,4.3075867,3.8029344,3.732146
p257_137,3.8957999,2.628369,4.155853,3.9618027,4.024234
p257_369,2.7969182,1.8892758,4.2182446,3.7920194,3.7005284
p232_147,4.392007,4.008075,4.6088862,4.1956506,4.4111376
p257_210,2.4213955,1.6713221,3.527117,3.0302074,3.2341712
p232_312,2.716722,1.9541674,4.0177116,3.1973643,3.4063704
p257_190,1.4467853,1.5587492,2.7961826,2.2222338,2.2826219
p257_159,2.880747,1.6668116,4.1074133,3.5169005,3.8111227
p232_198,1.8837422,1.5142512,3.2729871,2.8460982,2.9043796
p257_131,3.314009,2.3827424,4.0417905,3.6857183,3.8992383
p232_288,4.330911,3.5968795,4.472308,4.2828317,4.3356876
p257_291,1.5637647,1.5648434,3.050482,2.1474502,2.1266625
p232_153,2.5861995,1.6631732,4.059803,3.4099047,3.263751
p232_299,3.3875332,2.479287,3.904634,3.845523,3.8621862
p232_001,3.3606718,2.5667942,4.221523,3.9106343,3.9610755
p257_032,3.320896,2.0076363,4.3773985,3.7879937,3.7298741
p232_251,3.9665518,2.903095,4.4256754,3.9373374,4.2011538
p232_175,3.6773646,2.467705,4.2638645,3.8106825,4.0541625
p257_104,4.202408,3.6704578,4.518712,4.190941,4.376289
p257_398,3.3982658,2.2889435,3.9120014,3.392935,3.8607242
p232_196,3.1953747,2.0514057,4.10959,3.796229,3.8716033
p257_141,3.020435,2.1138055,4.168127,3.6160219,3.7085013
p232_261,1.7920657,1.5376391,3.1230075,2.3845613,2.7302258
p232_370,3.9672701,2.5715318,4.435795,4.0002546,4.2253957
p232_240,3.343477,1.7828519,4.2390404,3.945651,4.0229406
p232_047,3.3486707,2.5303652,3.9251328,3.844836,4.0791006
p257_038,4.1659145,3.286793,4.2775745,4.269555,4.2895875
p232_402,2.4446337,1.9240807,3.5056162,2.6047769,3.270019
p232_394,2.9662101,2.0186844,4.087863,3.4237118,3.7530568
p257_044,3.7406924,2.881402,4.341511,4.1375375,3.9654925
p232_082,2.995643,2.047735,4.3006477,3.6491969,3.4544785
p232_156,3.4575894,2.3664768,4.4115973,3.7872632,4.061547
p232_410,2.9145744,2.2732978,4.180797,3.3827634,2.8605876
p257_433,3.0354967,2.2890065,3.1108842,3.307807,3.6874292
p232_347,3.6531403,2.2368586,4.1023164,3.5441074,4.0078006
p257_270,1.8525275,1.7177944,3.1742938,2.1306436,2.6859345
p232_232,2.57259,1.8292114,3.262941,2.9831707,3.2924912
p257_428,4.0190253,2.7083066,4.0985003,4.1265154,4.1063857
p232_120,3.4566364,1.95803,4.6596355,4.0442615,4.1940575
p232_094,2.355377,1.89095,3.6468227,2.7591045,3.1925137
p257_077,3.6137776,2.1086745,4.258008,3.6775577,3.9603837
p232_225,1.5655123,1.7479317,3.3892636,2.1496077,2.2931132
p257_252,2.9707897,1.8969839,4.1537848,3.466305,3.629358
p257_257,3.600672,2.5742042,4.33457,3.9160473,3.872905
p257_086,4.1253605,3.012262,4.3479195,4.0412946,4.280408
p232_361,3.6489336,2.4140613,4.2207985,4.0878773,3.9499002
p257_319,2.2529035,1.9738677,3.7689993,3.062435,2.9218714
p232_098,3.781042,2.0547647,4.3410525,4.009025,4.1616273
p232_220,2.4493153,1.773406,3.6831658,3.0232754,3.2035418
p232_118,4.4039783,3.7585087,4.64638,4.235813,4.409312
p232_140,3.9979126,2.8943655,4.196124,4.02351,4.1355686
p257_166,2.5030909,1.8146586,3.797346,3.1588368,3.1097777
p257_382,3.197595,1.6634865,4.0889425,3.5664957,3.6266687
p232_179,3.6050768,2.0349433,4.362327,3.6400728,3.9440198
p257_178,4.169959,3.0524356,4.279988,4.149731,4.2932706
p257_096,4.0447464,3.0616693,4.338895,4.2473607,4.25956
p257_265,4.1269407,3.3682861,4.4760323,4.2507687,4.2997193
p257_317,4.0771294,2.964751,4.5267386,4.328866,4.26416
p232_067,3.9612062,2.7252069,3.8379307,3.6301506,3.8557718
p257_202,4.1222863,2.1920831,4.563368,4.1258287,4.286553
p257_119,4.1497726,3.0213037,4.282258,4.0776296,4.3257933
p257_273,3.3732548,1.7368879,4.253952,3.5014203,3.6944878
p257_283,2.825817,2.0859892,4.116703,3.5536315,3.7086852
p257_345,4.2829547,3.2702124,4.541748,4.172811,4.3718123
p232_076,2.0939815,1.950053,3.4885979,2.1181555,2.8782713
p257_349,2.7447069,1.7159657,4.093201,3.818058,3.7794135
p257_245,4.025189,2.7035313,4.4021945,4.2109027,4.23261
p257_079,3.6596167,1.9747812,4.086258,3.8287795,3.936857
p257_357,4.425087,3.7749233,4.56761,4.2375236,4.4024916
p232_333,3.3748014,2.8370135,4.360497,3.930495,4.0560727
p257_351,1.4961414,1.4476316,2.3834975,2.0960753,2.4316723
p257_383,2.207485,1.5638837,3.2963908,2.718894,3.0259075
p232_365,2.101812,1.7591068,3.8927479,3.1266832,2.8636258
p232_254,2.2864325,1.6010091,3.4634335,2.592797,3.193051
p232_204,4.4521065,3.6365616,4.5455713,4.2146792,4.39483
p232_195,3.7766736,2.8096027,4.0123634,3.9190435,4.0704474
p257_149,2.4827287,2.047917,3.9961543,3.5227082,3.349377
p257_111,2.5454857,1.9724036,3.8489044,2.9809313,3.3469665
p232_275,1.7103976,1.4855009,3.493054,2.8512537,2.9034069
p232_409,2.2303684,1.5528145,3.799268,3.1942961,3.1884089
p232_207,2.6345146,1.6179311,3.8308961,2.9561746,3.415831
p232_126,2.1385884,1.4244411,3.469724,2.5823576,2.898258
p232_038,4.0632777,2.8807528,4.3874574,3.98914,4.243606
p257_234,2.5391264,1.940969,3.5736687,2.8731234,3.049782
p232_064,2.4020512,1.4920306,3.5088236,2.6343405,3.2677777
p257_185,4.1009107,2.660923,4.45893,3.972791,4.1071754
p257_066,2.7098408,2.163332,2.8160675,2.8056,3.3084788
p257_329,2.5472045,1.8288451,3.5665839,2.5913112,3.1781456
p232_146,2.5692356,1.8180407,3.939578,3.4697657,3.4037855
p232_337,3.9510639,2.6549802,4.121616,4.2252746,4.1546397
p257_174,2.443474,1.8010583,3.6793792,2.8768117,3.0991135
p257_285,3.7245502,1.9368608,4.557869,4.1888204,4.2171454
p257_064,3.1655214,2.4710414,4.116556,3.396735,3.6995924
p257_107,3.509082,2.0832973,4.342078,3.8947031,3.924007
p257_128,3.0902083,1.9422444,4.1740265,3.8877292,3.9730155
p232_257,3.19002,2.1715949,3.9402432,3.6692646,3.7588956
p232_399,1.801601,1.6249869,3.406852,2.4941638,2.8028767
p232_213,3.878311,3.2295864,4.3853674,4.082847,4.117449
p232_235,4.22892,3.4214275,4.2052927,4.061842,4.2361507
p232_350,4.499427,4.025137,4.516596,4.327492,4.446626
p257_241,3.7119648,1.9128972,4.3799057,3.8059595,4.182038
p257_269,3.276222,1.9143174,4.2355223,3.636761,3.6395717
p257_280,3.931667,2.38742,4.378099,4.182138,4.293204
p257_135,1.9367727,1.99558,3.4905443,2.1217134,2.4469156
p257_347,2.6206548,1.853889,3.987927,3.3711083,3.4917638
p257_140,2.9092479,1.7594836,4.044458,3.8702755,3.590851
p257_339,3.4224842,2.112212,4.076272,3.6321409,3.946802
p257_225,3.8903887,3.5899305,4.3990583,4.216904,4.171791
p257_296,3.655069,3.1526246,4.3124037,3.9992497,4.0071115
p232_160,0.9052217,1.5055912,2.7004633,1.6208477,1.7734379
p232_398,2.5717468,1.8080208,3.8802154,3.4771469,3.5100543
p232_114,3.7383444,2.4493957,4.169905,3.5815954,3.8265293
p232_096,1.4319404,1.5882881,2.8907664,2.001301,2.6004784
p232_162,4.1751623,2.6442907,4.4757485,4.309379,4.247518
p232_134,2.004789,1.7685095,3.2768233,2.5351307,2.565108
p257_028,2.33879,1.7355713,2.6037123,2.5468452,3.297149
p232_348,2.1827447,1.9415224,3.6084948,2.3844893,2.6340156
p257_276,2.967862,2.5696468,3.424361,3.461793,3.8192146
p232_230,3.3996694,1.8905202,4.2138233,3.783744,4.010644
p257_374,2.7322335,1.9250796,3.5528367,2.7902148,3.4190385
p232_101,3.6706388,2.3464782,4.2875733,4.138374,4.2649927
p257_256,4.2041874,3.1372392,4.4397364,4.1900144,4.344323
p232_025,3.9193654,2.1919386,4.5148077,4.1595984,4.2623563
p232_216,2.7036514,1.8113456,4.301189,3.725757,3.7490494
p257_138,3.6203997,2.3015225,4.3430033,3.7364972,3.9909203
p257_220,3.9704547,2.8695452,4.2171507,4.146849,4.128473
p257_244,4.537455,3.922188,4.582904,4.2505054,4.436563
p257_089,2.6274166,1.7878735,3.9984896,3.3977025,3.4598424
p232_102,2.9759812,2.1036541,4.2499213,3.885026,3.8609455
p257_145,4.0525494,2.719904,4.5266123,4.2663655,4.176872
p257_325,3.9368894,3.242977,4.333215,3.9447825,4.2313437
p257_214,1.6146938,1.4102521,2.886316,2.057241,2.3731723
p232_252,2.7429411,2.163502,4.067948,3.5196438,3.6096947
p257_429,2.8774006,1.7191434,3.7804458,3.0852904,3.5218043
p232_297,4.2931423,3.2432687,4.523984,4.2415543,4.344729
p232_075,2.3737223,1.7327507,3.448528,2.4141688,3.2035973
p257_194,2.652683,2.021043,3.575497,2.8175418,3.2985113
p232_342,1.7962841,1.7634811,3.2530124,2.63884,2.8184087
p232_412,3.2509346,1.8421993,4.2125406,3.6324663,3.7559705
p257_427,1.3328742,1.4518044,2.6661046,2.2266726,2.1817353
p257_211,1.1082116,1.3748485,2.724269,1.964029,2.2317727
p232_263,1.4315702,1.5610166,3.2310612,2.0849268,2.2869685
p232_110,1.6861678,1.5585029,3.2470074,2.7295117,2.882458
p257_087,2.8417683,1.7106272,3.9980016,3.4946,3.7069461
p257_340,3.658084,2.6998909,4.3628025,4.2668834,4.2574015
p257_059,3.7943826,1.8999424,4.4701996,4.1671863,4.1710954
p257_215,1.6303946,1.624076,1.6087801,1.9805431,2.692001
p257_106,2.9214888,2.1661878,3.0914838,3.1386,3.8369772
p232_013,2.5320435,1.8312988,3.8299696,2.7371786,3.3501558
p257_425,3.6099494,2.646073,4.2893305,3.9321125,4.056018
p257_397,2.8332944,2.8974147,3.460425,2.9711819,3.6731358
p232_145,2.6519675,1.7235899,3.9017718,3.2938907,3.4815
p232_268,4.466155,3.694014,4.6455836,4.3612747,4.4584217
p232_296,3.6251123,2.5431921,4.0583644,4.0078616,3.949933
p257_030,2.9112933,2.2443595,3.5798454,3.10023,3.5548294
p232_091,2.210162,1.8313613,3.609086,2.6323633,2.7821534
p257_322,2.1260662,1.5668128,3.9525845,3.5957792,3.549833
p257_354,2.020845,1.6556845,3.1048338,2.2102106,2.7363818
p257_324,4.423419,4.1278834,4.531792,4.1334014,4.425002
p257_230,1.6933917,1.6316731,2.7947805,2.1027946,2.3673496
p257_049,2.5919573,1.7163508,3.6856697,3.2148051,3.4131238
p232_059,3.9496267,2.5593126,4.3403773,4.0916743,4.158932
p257_279,2.909764,2.1723115,3.997949,3.202078,3.6115804
p257_233,3.2375867,2.4152825,4.1234107,3.6977801,3.536933
p257_344,3.936247,2.846868,4.357577,4.058469,4.218638
p232_003,4.264084,2.8552654,4.304368,4.1444383,4.270967
p257_122,2.046014,1.5564694,3.2627816,2.6546564,3.0229514
p257_147,2.8758795,2.1247354,3.7579067,3.2937167,3.631541
p232_031,3.3672218,1.8434312,4.242072,3.7774897,3.884403
p232_214,3.6787698,2.423755,4.190336,4.0046964,4.0573745
p257_348,3.4113324,2.1735156,4.2404056,3.8172674,4.0113416
p232_270,4.1994147,2.4783332,4.4072347,4.1257215,4.2364116
p257_072,3.3925788,2.0097778,4.1765757,3.6166296,3.8636305
p257_255,1.5950272,1.7929653,2.6423442,2.0667927,2.008577
p232_248,4.0450425,2.7403169,4.3678865,4.079858,4.176165
p257_088,3.0405695,1.9258373,4.0723114,3.5533993,3.7604015
p257_376,3.7247717,2.88932,4.3785305,4.045028,4.2238874
p232_292,3.922325,2.9859247,4.1930633,4.104369,4.170389
p257_047,3.6578526,2.0686097,4.3431034,3.9493935,4.06026
p257_217,3.3971903,2.192196,4.185577,3.6841261,3.9363205
p232_152,3.47612,1.8897016,4.2469273,3.6316745,3.7996235
p232_130,2.6899207,1.7930006,3.923568,3.3052452,3.54979
p257_306,3.5323818,2.451187,4.168742,3.9082372,3.983875
p257_299,3.309542,1.8252127,4.1967998,3.6278822,3.9330246
p232_260,2.16369,1.710248,3.4156435,2.7788875,3.1871827
p232_106,4.160225,3.1428764,4.5000124,4.2125716,4.3294663
p257_315,1.1082314,1.4094765,2.7731524,2.243341,2.314552
p232_090,3.127971,2.1504962,4.2777853,3.8296273,3.9387698
p257_368,3.1379511,2.204906,4.319926,3.8483756,3.9183319
p232_036,1.4965469,1.6128132,3.1230803,2.217582,2.2829454
p232_367,2.9805362,1.611248,3.7208123,2.860525,3.5412955
p232_084,1.3697995,1.5704463,2.9985425,2.0095026,2.2164762
p257_272,2.4664786,1.8907614,1.966078,2.3591528,3.4432003
p257_186,4.30715,3.558584,4.540572,4.329718,4.387173
p232_209,2.9905248,1.8095362,4.0994577,3.9132235,3.9678206
p232_390,1.844562,2.1263733,3.698476,2.1875484,2.6894667
p257_402,3.2124627,2.1246917,4.0433307,3.7923906,3.8918536
p232_274,3.2226286,1.8349991,3.5491269,3.2396734,3.5342662
p257_295,1.82379,1.7162937,3.5548003,2.3131073,2.2321048
p232_021,3.6665146,2.5106559,4.2143526,3.933747,4.24339
p257_001,3.0448654,1.9016687,4.468139,4.1568446,4.026582
p232_346,3.7920218,2.4129722,4.185746,3.87532,4.044111
p257_372,3.6607406,2.4987824,4.130285,4.1700373,4.0697694
p232_050,2.8976486,1.7753583,4.1277227,3.6861827,3.762604
p232_129,4.020729,2.9978268,4.2872677,4.0011387,4.1465955
p257_076,3.368004,2.1200056,4.1071525,3.588121,3.944278
p232_061,3.9927459,2.3849914,4.435857,4.1134233,4.2699485
p257_103,2.8837492,2.2634637,4.0850315,3.518989,3.6662698
p232_202,2.054654,1.4360158,3.5717294,2.530137,2.9754312
p257_263,2.0307443,1.745712,3.7792163,3.0330882,3.1051452
p232_278,4.1882725,3.4057732,4.4203043,4.2585917,4.25639
p257_093,2.7489445,1.9294727,3.673792,2.574459,3.0729349
p232_155,1.3225261,1.5618213,3.29801,2.4087193,2.2487547
p232_328,1.601308,1.7056019,3.477152,2.1543982,2.234319
p257_250,2.5879447,1.8090409,4.0059204,3.5606015,3.6859443
p232_154,1.7764724,1.7041453,3.2941697,2.5046096,2.7391047
p232_403,2.1968176,1.936905,4.0216494,3.2285812,2.505293
p257_426,1.642418,1.5159361,2.75407,2.1471589,2.5473802
p232_142,2.3034697,1.8707278,3.6549256,2.8597085,3.3590105
p257_006,3.3496604,2.2077029,4.120216,3.8045306,3.983741
p257_080,3.0745518,1.7840211,4.1960726,3.793378,3.9503436
p232_415,1.263765,1.5273358,3.2498605,2.1712668,2.177601
p257_274,2.139623,1.5862087,2.0600886,2.3616369,3.004855
p232_313,3.5836892,2.1098032,3.9283428,3.923586,3.8340256
p257_216,4.346668,3.4364705,4.582529,4.28219,4.4481997
p232_314,2.9692805,1.671281,4.1911464,3.5045378,3.7494328
p232_042,3.5693378,2.1964176,4.1911397,4.1737657,4.231802
p257_121,2.5592272,1.719451,2.773941,2.871346,3.518793
p257_012,2.3106325,2.025131,3.640855,2.6744115,3.1468196
p257_259,3.33992,1.7221215,4.1906323,3.4735475,3.6370091
p257_198,3.9623656,2.8044178,4.125108,4.0785704,3.9913266
p232_335,2.7945254,1.8448036,3.8692262,3.1171577,3.5429432
p232_324,1.5383569,1.5240169,2.3663785,2.0265198,2.4432194
p232_280,3.1783912,1.7395176,3.9689755,3.3888605,3.646571
p232_353,3.3545096,2.1395712,4.2077436,3.6555321,3.8564157
p232_282,2.7981555,1.9647073,4.219787,3.6569722,3.8820782
p257_176,4.0652237,3.2993643,4.482521,4.407013,4.2657638
p257_073,2.547086,1.8354207,3.460625,2.5574622,3.1735075
p257_271,1.202613,1.5053694,2.7682383,2.1226697,2.028837
p257_092,3.2057297,1.798378,3.9981513,3.3720531,3.5744116
p232_190,1.8761162,1.5603569,2.058081,2.192824,2.9770916
p257_415,2.122118,1.7674792,3.5843627,2.5356314,2.5835721
p257_240,3.0245323,2.165613,4.5087214,4.098325,4.0262117
p257_091,3.134978,2.2021089,4.0306373,3.4511592,3.4731035
p257_292,4.025671,2.5213969,4.416362,3.9715197,4.250666
p257_037,3.5172956,2.143226,4.1163497,4.0895,4.0061603
p232_085,4.4799685,3.9020646,4.540614,4.257937,4.421064
p232_226,4.136904,2.7117598,4.3589916,4.2021856,4.321346
p232_218,2.5706105,1.7885095,4.2446184,3.706911,3.6507945
p257_277,4.122367,2.894489,4.0872545,3.9415002,4.149241
p257_069,1.628635,1.5627141,2.8521614,2.447248,2.5360744
p232_247,4.045337,2.7158263,4.565591,4.0108924,4.2875714
p232_267,1.7347486,1.7867956,3.2567694,2.1967578,2.3311648
p257_199,2.2940757,1.7739081,3.5186489,3.5641623,3.388394
p257_102,1.474912,1.4975874,3.1317408,2.3664963,2.410238
p257_048,3.2304022,1.8465146,4.0596156,3.5282578,3.8178332
p257_224,4.7105136,4.2697363,4.717485,4.3751893,4.5028615
p257_085,2.8680036,1.9149418,4.097528,3.7191112,3.7338688
p232_363,3.3226674,1.7742429,4.2485533,3.8306427,3.9386938
p232_040,3.559238,2.1464403,4.193639,3.8568265,4.0176435
p232_407,1.1849302,1.662763,3.1928163,1.7184303,1.8760698
p257_304,4.7772555,4.154021,4.8115907,4.501359,4.6207213
p232_189,2.4476082,1.9426944,4.163089,3.5899577,3.5254712
p232_138,1.9141605,2.0342433,3.5558558,2.2763622,2.795059
p257_421,3.668987,2.7878306,4.3157434,4.05744,4.1340227
p257_390,1.7456362,1.7363133,3.0664756,2.170002,2.6943839
p257_343,2.1481283,1.7280862,3.4058545,2.7570708,2.8664982
p232_019,3.2870038,2.129679,4.381341,3.7028635,3.9602373
p232_290,3.2360218,2.0367591,4.443196,4.0401926,4.1409717
p232_144,3.669629,2.0369318,4.5711317,4.0097723,4.1368737
p257_370,1.7951766,1.7147874,3.5631814,2.5762894,2.5059347
p232_107,3.9752834,2.5400217,4.323098,4.220305,4.3227105
p257_330,3.7517498,1.885417,4.3898625,3.926435,4.155799
p232_245,2.2906556,1.6227272,3.4299614,2.5519562,3.0823956
p257_326,3.0633125,2.427162,3.1279058,3.5176227,3.9461095
p257_226,4.076722,3.0130184,4.3930645,4.2013936,4.1702676
p257_411,1.4636837,1.6106101,3.071096,2.130956,2.336408
p257_371,3.1737106,2.0944254,4.0272393,3.5277498,3.750641
p257_409,2.345005,1.839203,4.186248,3.887062,3.580338
p257_170,2.7694,1.9309069,3.9779773,3.6880019,3.4809663
p257_378,3.468513,1.9171246,3.8834426,3.9831767,4.055204
p232_269,4.1955924,2.919379,4.212351,3.9827535,4.298597
p257_414,2.3164265,1.8461173,3.3108082,2.4814517,2.7668507
p232_378,1.8803651,1.6370692,3.3145812,2.3091185,2.7809856
p232_060,2.5303347,1.6420107,3.985783,3.4055846,3.4296582
p232_221,3.7226045,1.790333,4.30396,3.7869797,4.024244
p232_383,3.5225117,1.789936,4.6126003,4.044514,4.239859
p232_185,2.9750483,2.079188,4.4753914,3.9622695,3.8200185
p257_364,4.6689587,4.363506,4.782915,4.336618,4.58363
p257_116,3.5718095,3.4118779,3.7731907,3.5495667,3.847288
p257_164,3.7893393,3.4030719,4.260657,3.7738087,4.0005045
p257_209,2.3001227,1.7245462,3.7049901,3.0234146,3.2669957
p232_176,2.332533,1.7260411,3.7385113,2.9515927,3.174083
p232_037,4.708337,4.1778836,4.6808844,4.301305,4.5499673
p257_152,3.8547041,2.4213316,4.459732,3.8859541,4.1483893
p232_291,3.5478036,1.795006,4.550181,3.9267685,4.166993
p232_131,3.424332,1.959074,3.938077,3.7839081,4.021055
p257_418,2.8862574,2.071055,4.010087,3.4238446,3.65299
p232_326,2.464567,1.8384104,3.7936008,3.0547643,3.21896
p232_105,4.2797046,3.7297785,4.536371,4.212618,4.256363
p232_056,1.590037,1.6666394,3.1890948,2.3157911,2.1473572
p232_197,2.9542816,2.232944,4.246641,3.9196832,3.8926258
p232_010,1.3638008,1.4534396,2.81751,2.1742196,2.1584718
p232_097,4.230756,2.6597295,4.467075,4.2882323,4.355565
p257_098,2.2143817,1.8263636,3.5013793,2.7954185,3.0560572
p257_143,1.4763417,1.422482,3.0551808,2.0444264,2.3248727
p232_169,3.0686107,1.8620685,4.2587595,3.710811,3.9714952
p257_310,1.5573364,1.5983802,2.7906458,2.0994976,2.3209105
p232_332,2.9008574,1.8199252,4.036136,3.583145,3.794877
p232_099,3.91196,2.1976383,4.6166286,4.0870824,4.2415442
p257_246,3.3522286,2.0644975,4.0710845,3.9033303,3.8518503
p232_170,1.7832412,1.5287946,3.0636642,2.3038127,2.5672266
p257_305,2.6960857,2.2091107,3.783876,3.11522,2.9711125
p257_286,3.795293,2.9058526,4.1415997,4.008708,4.1258516
p257_027,3.4090097,2.492347,3.9701326,3.5770981,3.8471115
p232_384,2.8740036,1.688087,3.7916927,3.1909633,3.5241692
p257_075,4.010399,3.38528,4.421952,4.252029,4.2548747
p232_066,3.7689822,2.4182222,4.1734366,4.1613846,4.187261
p257_196,4.380689,3.9362228,4.5734844,4.1229634,4.335073
p257_009,1.3758874,1.5179794,3.2339308,2.261914,2.25428
p257_177,4.11047,2.8403594,4.2280474,4.017445,4.266893
p257_058,2.0307202,1.8146373,3.751935,2.6116424,3.3536384
p257_081,1.7169025,1.5230256,3.072316,2.2621834,2.567075
p257_405,3.4307399,2.427202,4.0741796,4.099077,3.9631722
p257_219,2.7944767,1.9220386,3.882757,3.3747354,3.6326306
p257_236,4.7922807,3.947511,4.7319193,4.4384913,4.6065416
p232_234,2.0131528,1.5811296,3.1279767,2.0448601,2.8084264
p232_188,3.2188795,1.7761357,4.3516445,3.7916605,4.028682
p257_008,1.8476083,1.634562,3.403843,2.5325768,2.7608898
p232_392,4.204877,3.2054336,4.4183683,4.030404,4.266734
p232_237,4.3073196,3.1823366,4.4081016,4.263329,4.3345
p257_156,4.1056147,3.6302536,4.489502,4.2076354,4.1987896
p257_153,2.593384,2.0526316,4.1200776,3.4253414,3.7863443
p232_171,3.9449806,2.8538687,4.0669065,4.104115,4.12569
p257_358,4.1197577,3.0004299,4.3378363,3.9305933,4.239518
p257_314,2.6235619,1.9928399,3.791259,3.069591,3.2773473
p232_331,4.2290463,3.006749,4.6155334,4.220021,4.328712
p257_311,1.4923178,1.5853231,3.1357582,2.413075,2.406169
p232_007,2.3577406,1.8184431,4.0853667,3.4232605,3.4869335
p257_192,3.2589936,2.4597096,4.1399665,3.9108996,3.925386
p232_092,1.9788003,1.5971311,3.1932683,2.4062543,2.6624563
p257_150,1.5211295,1.6148609,3.0580747,2.067873,2.1803443
p232_070,2.7828257,1.9397389,4.211644,3.496405,3.6760123
p257_254,2.4582536,1.8996036,3.5373256,2.6251543,2.9785209
p232_229,3.3114893,1.7512693,4.529499,3.8769696,4.135673
p232_344,1.4228075,1.5830321,2.70897,2.1795044,2.3021967
p257_412,3.1860662,2.5826313,3.9546773,3.5288634,3.5338707
p257_342,2.7352464,2.170974,3.8365848,3.5750387,3.6198933
p232_330,3.9114723,2.6859314,4.333524,3.9980185,4.1659465
p232_054,3.4683807,2.0999398,4.2076435,3.5680783,3.916753
p257_312,2.1814606,2.0904243,3.5374339,2.4595373,3.2234633
p257_041,3.320022,2.008106,4.276046,3.7403247,4.0352125
p232_053,3.9840684,2.2115111,4.4702277,3.893882,4.0086045
p232_086,4.2296715,3.340006,4.461047,4.1855836,4.342174
p257_035,4.232374,3.4693642,4.4128194,4.1810775,4.367843
p232_174,2.12092,1.446825,3.8327537,3.1307366,3.1101735
p257_423,2.1578703,1.5143709,2.9573774,2.4397998,3.0270338
p257_207,3.1334956,2.3112457,4.202465,3.8096159,3.7754276
p232_404,3.6801772,2.0111332,4.421647,3.6136665,3.9124277
p257_320,3.2887886,2.1590571,4.033958,3.822014,3.9651477
p257_355,1.9427525,1.8883777,3.2609766,2.0690951,2.463948
p232_034,2.455328,1.7076632,3.6308758,2.558887,3.0324602
p232_115,3.3359473,1.9953197,4.0989795,3.3860388,3.6411822
p232_341,3.5066524,1.867918,4.256963,3.7920566,3.9868762
p257_100,3.166041,2.4509041,3.430993,3.423206,3.866551
p257_268,3.0378125,1.8309166,4.069479,3.728799,3.8938768
p257_223,3.125342,1.7149984,4.087941,3.600565,3.8511426
p232_224,2.4113932,2.1383202,3.5830781,2.2189744,2.9608226
p257_070,1.0331671,1.4543366,2.82811,1.8542781,1.9046544
p232_014,1.708605,1.8704613,3.6498966,2.2029548,2.47601
p257_151,1.104221,1.4823112,2.5671887,2.03766,1.8916147
p257_203,1.9260668,1.5260061,3.2632735,2.4847965,2.7369745
